analysis_universe	dataset	GSM	donor_id	gene	raw_pseudobulk_count	CPM	log2_CPM_plus_0_5	population_z_ddof0	equal_weight	final_six_gene_score
HIGHER_CELL_COUNT_7	GSE165784	GSM5277737	Case 3	FLT1	440.0	738.6268255833472	9.529678125108852	-0.35607791533221017	0.16666666666666666	-1.0804949113649065
HIGHER_CELL_COUNT_7	GSE165784	GSM5277737	Case 3	KDR	75.0	125.90229981534328	6.9818789025144765	-1.7368006928832904	0.16666666666666666	-1.0804949113649065
HIGHER_CELL_COUNT_7	GSE165784	GSM5277737	Case 3	VEGFA	0.0	0.0	-1.0	-1.7050798367671103	0.16666666666666666	-1.0804949113649065
HIGHER_CELL_COUNT_7	GSE165784	GSM5277737	Case 3	MAPK1	24.0	40.28873594090985	5.350098893019556	-1.491080426018133	0.16666666666666666	-1.0804949113649065
HIGHER_CELL_COUNT_7	GSE165784	GSM5277737	Case 3	AKT1	7.0	11.750881316098708	3.614813633880907	-1.9301182297420327	0.16666666666666666	-1.0804949113649065
HIGHER_CELL_COUNT_7	GSE165784	GSM5277737	Case 3	NOS3	62.0	104.07923451401713	6.708452605052293	0.7361876325533367	0.16666666666666666	-1.0804949113649065
HIGHER_CELL_COUNT_7	GSE165784	GSM5690478	Case 4	FLT1	451.0	945.2132598120892	9.885259014613759	0.269707902955479	0.16666666666666666	0.7403694901971138
HIGHER_CELL_COUNT_7	GSE165784	GSM5690478	Case 4	KDR	212.0	444.31310660789995	8.797055488087132	1.7603246583007386	0.16666666666666666	0.7403694901971138
HIGHER_CELL_COUNT_7	GSE165784	GSM5690478	Case 4	VEGFA	1.0	2.095816540603302	1.376188424433126	0.31119404302771597	0.16666666666666666	0.7403694901971138
HIGHER_CELL_COUNT_7	GSE165784	GSM5690478	Case 4	MAPK1	63.0	132.03644205800802	7.050245285660051	1.2376528776223046	0.16666666666666666	0.7403694901971138
HIGHER_CELL_COUNT_7	GSE165784	GSM5690478	Case 4	AKT1	29.0	60.77867967749575	5.937313307893542	1.0402685965460963	0.16666666666666666	0.7403694901971138
HIGHER_CELL_COUNT_7	GSE165784	GSM5690478	Case 4	NOS3	37.0	77.54521200232217	6.2862382218709545	-0.1769311372696513	0.16666666666666666	0.7403694901971138
HIGHER_CELL_COUNT_7	GSE165784	GSM5690479	Case 5	FLT1	385.0	380.28372128857904	8.572827993740344	-2.0400357997698153	0.16666666666666666	-0.7009965065529885
HIGHER_CELL_COUNT_7	GSE165784	GSM5690479	Case 5	KDR	181.0	178.7827365019034	7.486092764639257	-0.7653805601700374	0.16666666666666666	-0.7009965065529885
HIGHER_CELL_COUNT_7	GSE165784	GSM5690479	Case 5	VEGFA	8.0	7.901999403399045	3.070732683382956	1.7490704724998096	0.16666666666666666	-0.7009965065529885
HIGHER_CELL_COUNT_7	GSE165784	GSM5690479	Case 5	MAPK1	41.0	40.49774694242011	5.357472722561701	-1.4792454367877248	0.16666666666666666	-0.7009965065529885
HIGHER_CELL_COUNT_7	GSE165784	GSM5690479	Case 5	AKT1	20.0	19.754998508497614	4.340206073677045	-1.0023694893787087	0.16666666666666666	-0.7009965065529885
HIGHER_CELL_COUNT_7	GSE165784	GSM5690479	Case 5	NOS3	67.0	66.179245003467	6.0591658639399375	-0.6680182257114546	0.16666666666666666	-0.7009965065529885
HIGHER_CELL_COUNT_7	GSE245561	GSM7845000	Sample 3	FLT1	554.0	1017.1856639247943	9.991076304695204	0.4559354574081463	0.16666666666666666	0.27224357892274753
HIGHER_CELL_COUNT_7	GSE245561	GSM7845000	Sample 3	KDR	125.0	229.50940070505288	7.845549016480914	-0.07285092919726484	0.16666666666666666	0.27224357892274753
HIGHER_CELL_COUNT_7	GSE245561	GSM7845000	Sample 3	VEGFA	1.0	1.836075205640423	1.2240867198763234	0.18213075376297125	0.16666666666666666	0.27224357892274753
HIGHER_CELL_COUNT_7	GSE245561	GSM7845000	Sample 3	MAPK1	44.0	80.78730904817861	6.344958224525438	0.10566783170181442	0.16666666666666666	0.27224357892274753
HIGHER_CELL_COUNT_7	GSE245561	GSM7845000	Sample 3	AKT1	21.0	38.55757931844888	5.287530632604415	0.20922180664735238	0.16666666666666666	0.27224357892274753
HIGHER_CELL_COUNT_7	GSE245561	GSM7845000	Sample 3	NOS3	57.0	104.65628672150412	6.716391293299618	0.7533565532134658	0.16666666666666666	0.27224357892274753
HIGHER_CELL_COUNT_7	GSE245561	GSM7845001	Sample 4	FLT1	2583.0	1281.4724778607397	10.32414957432542	1.0421101780898785	0.16666666666666666	0.2823257640525523
HIGHER_CELL_COUNT_7	GSE245561	GSM7845001	Sample 4	KDR	491.0	243.59387790539031	7.931292301254736	0.0923423733495099	0.16666666666666666	0.2823257640525523
HIGHER_CELL_COUNT_7	GSE245561	GSM7845001	Sample 4	VEGFA	1.0	0.49611787760771964	-0.005611618279336255	-0.8613086527065982	0.16666666666666666	0.2823257640525523
HIGHER_CELL_COUNT_7	GSE245561	GSM7845001	Sample 4	MAPK1	171.0	84.83615707092004	6.415085238241488	0.21822162038740958	0.16666666666666666	0.2823257640525523
HIGHER_CELL_COUNT_7	GSE245561	GSM7845001	Sample 4	AKT1	115.0	57.05355592488775	5.84683316237114	0.9245480066542439	0.16666666666666666	0.2823257640525523
HIGHER_CELL_COUNT_7	GSE245561	GSM7845001	Sample 4	NOS3	181.0	89.79733584699724	6.4966115176209005	0.2780410585408698	0.16666666666666666	0.2823257640525523
HIGHER_CELL_COUNT_7	GSE245561	GSM7845002	Sample 2	FLT1	10799.0	1296.4594136411447	10.340917618025937	1.0716202115532134	0.16666666666666666	0.1791193968125623
HIGHER_CELL_COUNT_7	GSE245561	GSM7845002	Sample 2	KDR	2326.0	279.24480008605445	8.127967504319434	0.47125748499956216	0.16666666666666666	0.1791193968125623
HIGHER_CELL_COUNT_7	GSE245561	GSM7845002	Sample 2	VEGFA	19.0	2.2810194332050884	1.4756138259829292	0.3955597600187013	0.16666666666666666	0.1791193968125623
HIGHER_CELL_COUNT_7	GSE245561	GSM7845002	Sample 2	MAPK1	893.0	107.20791336063914	6.750980439162415	0.7573330905840485	0.16666666666666666	0.1791193968125623
HIGHER_CELL_COUNT_7	GSE245561	GSM7845002	Sample 2	AKT1	358.0	42.97920826775903	5.442253764816122	0.4071066799096385	0.16666666666666666	0.1791193968125623
HIGHER_CELL_COUNT_7	GSE245561	GSM7845002	Sample 2	NOS3	355.0	42.61904730462138	5.430253397651204	-2.02816084618979	0.16666666666666666	0.1791193968125623
HIGHER_CELL_COUNT_7	GSE245561	GSM7845003	Sample 1	FLT1	2551.0	713.6780268579059	9.48013993692918	-0.44326003490468846	0.16666666666666666	0.307433187932919
HIGHER_CELL_COUNT_7	GSE245561	GSM7845003	Sample 1	KDR	922.0	257.94243071853754	8.013699138915996	0.25110766560077685	0.16666666666666666	0.307433187932919
HIGHER_CELL_COUNT_7	GSE245561	GSM7845003	Sample 1	VEGFA	5.0	1.3988201232024813	0.9251032442683286	-0.07156653983548909	0.16666666666666666	0.307433187932919
HIGHER_CELL_COUNT_7	GSE245561	GSM7845003	Sample 1	MAPK1	366.0	102.39363301842162	6.685009901871114	0.6514504425102878	0.16666666666666666	0.307433187932919
HIGHER_CELL_COUNT_7	GSE245561	GSM7845003	Sample 1	AKT1	149.0	41.68483967143394	5.398652713239591	0.3513426293634109	0.16666666666666666	0.307433187932919
HIGHER_CELL_COUNT_7	GSE245561	GSM7845003	Sample 1	NOS3	419.0	117.22112632436793	6.879229440553425	1.105524964863216	0.16666666666666666	0.307433187932919
EXPANDED_DONOR_9	GSE165784	GSM5049905	Case 1	FLT1	84.0	716.7541277358249	9.486340555378451	-0.1352087858146048	0.16666666666666666	-0.7673493974860714
EXPANDED_DONOR_9	GSE165784	GSM5049905	Case 1	KDR	38.0	324.2459149281113	8.34316756748784	0.9081226337646975	0.16666666666666666	-0.7673493974860714
EXPANDED_DONOR_9	GSE165784	GSM5049905	Case 1	VEGFA	0.0	0.0	-1.0	-1.172057327720201	0.16666666666666666	-0.7673493974860714
EXPANDED_DONOR_9	GSE165784	GSM5049905	Case 1	MAPK1	5.0	42.663936174751484	5.431754526925113	-1.2623278321563107	0.16666666666666666	-0.7673493974860714
EXPANDED_DONOR_9	GSE165784	GSM5049905	Case 1	AKT1	0.0	0.0	-1.0	-2.6348934213133792	0.16666666666666666	-0.7673493974860714
EXPANDED_DONOR_9	GSE165784	GSM5049905	Case 1	NOS3	8.0	68.26229787960237	6.1035458520959205	-0.3077316516766304	0.16666666666666666	-0.7673493974860714
EXPANDED_DONOR_9	GSE165784	GSM5049906	Case 2	FLT1	39.0	368.9443461643978	8.529213240046115	-1.6626201021293003	0.16666666666666666	-0.7704888483469386
EXPANDED_DONOR_9	GSE165784	GSM5049906	Case 2	KDR	18.0	170.28200592202978	7.416012166286916	-0.9196909529588715	0.16666666666666666	-0.7704888483469386
EXPANDED_DONOR_9	GSE165784	GSM5049906	Case 2	VEGFA	0.0	0.0	-1.0	-1.172057327720201	0.16666666666666666	-0.7704888483469386
EXPANDED_DONOR_9	GSE165784	GSM5049906	Case 2	MAPK1	10.0	94.60111440112765	6.571390341667844	0.5686679282720728	0.16666666666666666	-0.7704888483469386
EXPANDED_DONOR_9	GSE165784	GSM5049906	Case 2	AKT1	2.0	18.920222880225527	4.2794878531290665	-0.03457038329667859	0.16666666666666666	-0.7704888483469386
EXPANDED_DONOR_9	GSE165784	GSM5049906	Case 2	NOS3	5.0	47.30055720056382	5.578955530369639	-1.4026622522486536	0.16666666666666666	-0.7704888483469386
EXPANDED_DONOR_9	GSE165784	GSM5277737	Case 3	FLT1	440.0	738.6268255833472	9.529678125108852	-0.06604944476622265	0.16666666666666666	-0.6357142025216124
EXPANDED_DONOR_9	GSE165784	GSM5277737	Case 3	KDR	75.0	125.90229981534328	6.9818789025144765	-1.775550366541633	0.16666666666666666	-0.6357142025216124
EXPANDED_DONOR_9	GSE165784	GSM5277737	Case 3	VEGFA	0.0	0.0	-1.0	-1.172057327720201	0.16666666666666666	-0.6357142025216124
EXPANDED_DONOR_9	GSE165784	GSM5277737	Case 3	MAPK1	24.0	40.28873594090985	5.350098893019556	-1.3935198476774433	0.16666666666666666	-0.6357142025216124
EXPANDED_DONOR_9	GSE165784	GSM5277737	Case 3	AKT1	7.0	11.750881316098708	3.614813633880907	-0.36194450237195536	0.16666666666666666	-0.6357142025216124
EXPANDED_DONOR_9	GSE165784	GSM5277737	Case 3	NOS3	62.0	104.07923451401713	6.708452605052293	0.9548362739477814	0.16666666666666666	-0.6357142025216124
EXPANDED_DONOR_9	GSE165784	GSM5690478	Case 4	FLT1	451.0	945.2132598120892	9.885259014613759	0.5013967724660765	0.16666666666666666	0.8512994452109149
EXPANDED_DONOR_9	GSE165784	GSM5690478	Case 4	KDR	212.0	444.31310660789995	8.797055488087132	1.8029267917801766	0.16666666666666666	0.8512994452109149
EXPANDED_DONOR_9	GSE165784	GSM5690478	Case 4	VEGFA	1.0	2.095816540603302	1.376188424433126	0.6099034027073188	0.16666666666666666	0.8512994452109149
EXPANDED_DONOR_9	GSE165784	GSM5690478	Case 4	MAPK1	63.0	132.03644205800802	7.050245285660051	1.3380201730572465	0.16666666666666666	0.8512994452109149
EXPANDED_DONOR_9	GSE165784	GSM5690478	Case 4	AKT1	29.0	60.77867967749575	5.937313307893542	0.7819636902649436	0.16666666666666666	0.8512994452109149
EXPANDED_DONOR_9	GSE165784	GSM5690478	Case 4	NOS3	37.0	77.54521200232217	6.2862382218709545	0.07358584098972869	0.16666666666666666	0.8512994452109149
EXPANDED_DONOR_9	GSE165784	GSM5690479	Case 5	FLT1	385.0	380.28372128857904	8.572827993740344	-1.5930184229339763	0.16666666666666666	-0.380094595864823
EXPANDED_DONOR_9	GSE165784	GSM5690479	Case 5	KDR	181.0	178.7827365019034	7.486092764639257	-0.781532592808881	0.16666666666666666	-0.380094595864823
EXPANDED_DONOR_9	GSE165784	GSM5690479	Case 5	VEGFA	8.0	7.901999403399045	3.070732683382956	1.88068281328389	0.16666666666666666	-0.380094595864823
EXPANDED_DONOR_9	GSE165784	GSM5690479	Case 5	MAPK1	41.0	40.49774694242011	5.357472722561701	-1.3816726852285899	0.16666666666666666	-0.380094595864823
EXPANDED_DONOR_9	GSE165784	GSM5690479	Case 5	AKT1	20.0	19.754998508497614	4.340206073677045	-0.004664643931313685	0.16666666666666666	-0.380094595864823
EXPANDED_DONOR_9	GSE165784	GSM5690479	Case 5	NOS3	67.0	66.179245003467	6.0591658639399375	-0.4003620435700676	0.16666666666666666	-0.380094595864823
EXPANDED_DONOR_9	GSE245561	GSM7845000	Sample 3	FLT1	554.0	1017.1856639247943	9.991076304695204	0.6702630494420228	0.16666666666666666	0.455234943374716
EXPANDED_DONOR_9	GSE245561	GSM7845000	Sample 3	KDR	125.0	229.50940070505288	7.845549016480914	-0.07289300542375944	0.16666666666666666	0.455234943374716
EXPANDED_DONOR_9	GSE245561	GSM7845000	Sample 3	VEGFA	1.0	1.836075205640423	1.2240867198763234	0.4958386838641694	0.16666666666666666	0.455234943374716
EXPANDED_DONOR_9	GSE245561	GSM7845000	Sample 3	MAPK1	44.0	80.78730904817861	6.344958224525438	0.20487079137166567	0.16666666666666666	0.455234943374716
EXPANDED_DONOR_9	GSE245561	GSM7845000	Sample 3	AKT1	21.0	38.55757931844888	5.287530632604415	0.46192415096436223	0.16666666666666666	0.455234943374716
EXPANDED_DONOR_9	GSE245561	GSM7845000	Sample 3	NOS3	57.0	104.65628672150412	6.716391293299618	0.9714059900298352	0.16666666666666666	0.455234943374716
EXPANDED_DONOR_9	GSE245561	GSM7845001	Sample 4	FLT1	2583.0	1281.4724778607397	10.32414957432542	1.201790959099978	0.16666666666666666	0.4065352125896826
EXPANDED_DONOR_9	GSE245561	GSM7845001	Sample 4	KDR	491.0	243.59387790539031	7.931292301254736	0.09614310295343491	0.16666666666666666	0.4065352125896826
EXPANDED_DONOR_9	GSE245561	GSM7845001	Sample 4	VEGFA	1.0	0.49611787760771964	-0.005611618279336255	-0.42634161393276415	0.16666666666666666	0.4065352125896826
EXPANDED_DONOR_9	GSE245561	GSM7845001	Sample 4	MAPK1	171.0	84.83615707092004	6.415085238241488	0.31754035049268786	0.16666666666666666	0.4065352125896826
EXPANDED_DONOR_9	GSE245561	GSM7845001	Sample 4	AKT1	115.0	57.05355592488775	5.84683316237114	0.7373992148025061	0.16666666666666666	0.4065352125896826
EXPANDED_DONOR_9	GSE245561	GSM7845001	Sample 4	NOS3	181.0	89.79733584699724	6.4966115176209005	0.5126792621222528	0.16666666666666666	0.4065352125896826
EXPANDED_DONOR_9	GSE245561	GSM7845002	Sample 2	FLT1	10799.0	1296.4594136411447	10.340917618025937	1.2285498858282757	0.16666666666666666	0.34653155308666755
EXPANDED_DONOR_9	GSE245561	GSM7845002	Sample 2	KDR	2326.0	279.24480008605445	8.127967504319434	0.48387271965807693	0.16666666666666666	0.34653155308666755
EXPANDED_DONOR_9	GSE245561	GSM7845002	Sample 2	VEGFA	19.0	2.2810194332050884	1.4756138259829292	0.6844648976405346	0.16666666666666666	0.34653155308666755
EXPANDED_DONOR_9	GSE245561	GSM7845002	Sample 2	MAPK1	893.0	107.20791336063914	6.750980439162415	0.8572063392921855	0.16666666666666666	0.34653155308666755
EXPANDED_DONOR_9	GSE245561	GSM7845002	Sample 2	AKT1	358.0	42.97920826775903	5.442253764816122	0.5381304301332311	0.16666666666666666	0.34653155308666755
EXPANDED_DONOR_9	GSE245561	GSM7845002	Sample 2	NOS3	355.0	42.61904730462138	5.430253397651204	-1.7130349540322982	0.16666666666666666	0.34653155308666755
EXPANDED_DONOR_9	GSE245561	GSM7845003	Sample 1	FLT1	2551.0	713.6780268579059	9.48013993692918	-0.14510391119223182	0.16666666666666666	0.49404588995746607
EXPANDED_DONOR_9	GSE245561	GSM7845003	Sample 1	KDR	922.0	257.94243071853754	8.013699138915996	0.2586016695767588	0.16666666666666666	0.49404588995746607
EXPANDED_DONOR_9	GSE245561	GSM7845003	Sample 1	VEGFA	5.0	1.3988201232024813	0.9251032442683286	0.2716237995974544	0.16666666666666666	0.49404588995746607
EXPANDED_DONOR_9	GSE245561	GSM7845003	Sample 1	MAPK1	366.0	102.39363301842162	6.685009901871114	0.7512147825764783	0.16666666666666666	0.49404588995746607
EXPANDED_DONOR_9	GSE245561	GSM7845003	Sample 1	AKT1	149.0	41.68483967143394	5.398652713239591	0.5166554647482815	0.16666666666666666	0.49404588995746607
EXPANDED_DONOR_9	GSE245561	GSM7845003	Sample 1	NOS3	419.0	117.22112632436793	6.879229440553425	1.3112835344380556	0.16666666666666666	0.49404588995746607
