source	record_id	title	decision	reason	duplicate_of
NCBI BioProject	PRJNA1453907	Single-cell RNA sequencing reveals that Epac1 deletion attenuates Müller glial pathological activation in ischemia-induced retinopathy	DUPLICATE_DISCOVERY_RECORD_OF_GEO	BioProject record maps to GSE328096 (normalized-title similarity 1.000)	GSE328096
NCBI BioProject	PRJNA1398191	Attenuation of oxygen-induced neovascularization and inflammation by neutralizing antibody to VEGFA and/or ANG-2	DUPLICATE_DISCOVERY_RECORD_OF_GEO	BioProject record maps to GSE315511 (normalized-title similarity 1.000)	GSE315511
NCBI BioProject	PRJEB78521	Single-cell RNA-seq of vascular endothelial cells in the mouse model of vascular injury	EXCLUDE	one pooled P17 retina library per condition; no deposited between-library replication	
NCBI BioProject	PRJNA1347474	Oxygen-Induced Retinopathy RNA-Seq (Ribo- libraries)	INCLUDE_PRIMARY	P17 retinal OIR and control biological replicates; one effect retained for the PRJNA483866/PRJNA1347474 duplicate cohort	
NCBI BioProject	PRJNA1303595	RiboTag-based profiling of actively translating transcripts in Nrf2-deficient and wildtype Müller cells in a mouse model of oxygen-induced retinopathy	DUPLICATE_DISCOVERY_RECORD_OF_GEO	BioProject record maps to GSE304959 (normalized-title similarity 1.000)	GSE304959
NCBI BioProject	PRJNA1284579	Injectable ROS-Responsive Hydrogel with Sustained Release of Procyanidin C1 for Selective Elimination of Senescent Cells to Remodel Pathological Retinal Angiogenesis	EXCLUDE_DUPLICATE_COHORT	BioProject underlying GSE301407; already counted as that GEO accession	GSE301407
NCBI BioProject	PRJDB15171	Spatial and temporal analyses of retinal inflammatory environment involving the onset and progression of photoreceptor degeneration	EXCLUDE	one P17 retina library per relevant condition and treatment-context limitations	
NCBI BioProject	PRJNA1236858	Targeting ATF6 Reduces Pathological Neovascularization and Improves Visual Outcomes in Retinal Disease Models	DUPLICATE_DISCOVERY_RECORD_OF_GEO	BioProject record maps to GSE292097 (normalized-title similarity 1.000)	GSE292097
NCBI BioProject	PRJNA1227125	Nanozyme Eye Drops for Retinal Barrier Penetration and Vasculopathy Repair	INCLUDE_PRIMARY	P17 normal and PBS-treated OIR retinal libraries with three deposited replicates per group	
NCBI BioProject	PRJNA1221932	Fibronectin mediates Endothelial-to-mesenchymal Transition in retina angiogenesis	DUPLICATE_DISCOVERY_RECORD_OF_GEO	BioProject record maps to GSE289223 (normalized-title similarity 1.000)	GSE289223
NCBI BioProject	PRJNA1219573	Deletion of endothelial glycocalyx component endomucin impairs retinal vascularization and suppresses pathological neovascularization	DUPLICATE_DISCOVERY_RECORD_OF_GEO	BioProject record maps to GSE288833 (normalized-title similarity 1.000)	GSE288833
NCBI BioProject	PRJNA1193014	Single-Cell Multiomics Profiling Reveals Heterogeneity of Müller Cells in the Oxygen-Induced Retinopathy Model	DUPLICATE_DISCOVERY_RECORD_OF_GEO	BioProject record maps to GSE283276 (normalized-title similarity 1.000)	GSE283276
NCBI BioProject	PRJNA1186057	Systems level analysis of lipid metabolism in oxygen-induced retinopathy [liver RNA-Seq]	DUPLICATE_DISCOVERY_RECORD_OF_GEO	BioProject record maps to GSE281854 (normalized-title similarity 1.000)	GSE281854
NCBI BioProject	PRJNA1186056	Systems level analysis of lipid metabolism in oxygen-induced retinopathy [retina_RNAseq]	DUPLICATE_DISCOVERY_RECORD_OF_GEO	BioProject record maps to GSE281855 (normalized-title similarity 1.000)	GSE281855
NCBI BioProject	PRJNA1182806	Deubiquitinase USP9X regulates Wnt-signaling to control CNS vascular formation and barrier maintenance	DUPLICATE_DISCOVERY_RECORD_OF_GEO	BioProject record maps to GSE281249 (normalized-title similarity 1.000)	GSE281249
NCBI BioProject	PRJNA1174746	Monoclonal antibodies that block Roundabout 1 and 2 signaling target pathological ocular neovascularization through myeloid cells	DUPLICATE_DISCOVERY_RECORD_OF_GEO	BioProject record maps to GSE279825 (normalized-title similarity 1.000)	GSE279825
NCBI BioProject	PRJNA1150598	Global Characterization of Functional Microglia Heterogeneity in Relation to Neovascularization and Regression Phases of Oxygen-Induced Retinopathy in Mice	DUPLICATE_DISCOVERY_RECORD_OF_GEO	BioProject record maps to GSE275394 (normalized-title similarity 1.000)	GSE275394
NCBI BioProject	PRJNA1117071	Chronic intermittent hypoxia inhibits the revascularization of the ischemic retina and aggravates neurodegeneration and neovascularization	DUPLICATE_DISCOVERY_RECORD_OF_GEO	BioProject record maps to GSE268420 (normalized-title similarity 1.000)	GSE268420
NCBI BioProject	PRJNA1100496	mRNA expression profiles of oxygen-induced retinopathy (OIR) mouse retinas after knockdown treatment of lncRNA-MM2P	DUPLICATE_DISCOVERY_RECORD_OF_GEO	BioProject record maps to GSE263978 (normalized-title similarity 1.000)	GSE263978
NCBI BioProject	PRJNA1094884	FOXC1 regulates endothelial CD98 (LAT1/4F2hc) expression in retinal angiogenesis and blood-retina barrier formation	DUPLICATE_DISCOVERY_RECORD_OF_GEO	BioProject record maps to GSE262908 (normalized-title similarity 1.000)	GSE262908
NCBI BioProject	PRJNA1087306	A humanized therapeutic monoclonal anti-ASC antibody alleviates oxygen-induced retinopathy in mice	DUPLICATE_DISCOVERY_RECORD_OF_GEO	BioProject record maps to GSE261490 (normalized-title similarity 1.000)	GSE261490
NCBI BioProject	PRJNA1080537	BGN stimulates retinal pathological angiogenesis via up-regulation of CXCL12 expression in pericytes (mouse)	DUPLICATE_DISCOVERY_RECORD_OF_GEO	BioProject record maps to GSE259255 (normalized-title similarity 1.000)	GSE259255
NCBI BioProject	PRJNA1051126	Mechanism underlying long-term visual dysfunction in the mouse model of oxygen-induced retinopathy	DUPLICATE_DISCOVERY_RECORD_OF_GEO	BioProject record maps to GSE249919 (normalized-title similarity 1.000)	GSE249919
NCBI BioProject	PRJNA1028541	CUT&Tag of oxygen-induced retinopathy mouse retina	DUPLICATE_DISCOVERY_RECORD_OF_GEO	BioProject record maps to GSE245456 (normalized-title similarity 1.000)	GSE245456
NCBI BioProject	PRJNA1006773	RNA-sequencing of the oxygen induced retinopathy (OIR) model in C57BL/6 mice	DUPLICATE_DISCOVERY_RECORD_OF_GEO	BioProject record maps to GSE241239 (normalized-title similarity 1.000)	GSE241239
NCBI BioProject	PRJNA981457	Transcriptional Comparison of Human and Murine Retinal Neovascularization	DUPLICATE_DISCOVERY_RECORD_OF_GEO	BioProject record maps to GSE234447 (normalized-title similarity 1.000)	GSE234447
NCBI BioProject	PRJNA962098	Effects of inhibitors in mice with oxygen-induced retinopathy	DUPLICATE_DISCOVERY_RECORD_OF_GEO	BioProject record maps to GSE230668 (normalized-title similarity 1.000)	GSE230668
NCBI BioProject	PRJNA947200	Single-cell RNAseq analysis of wild type and Socs3 cKO retinal immune cells	DUPLICATE_DISCOVERY_RECORD_OF_GEO	BioProject record maps to GSE227861 (normalized-title similarity 1.000)	GSE227861
NCBI BioProject	PRJNA944689	RNA sequencing of sorted P17 murine endothelial cells from the OIR model with OSM or PBS intravitreal injection at P12	DUPLICATE_DISCOVERY_RECORD_OF_GEO	BioProject record maps to GSE227350 (normalized-title similarity 1.000)	GSE227350
NCBI BioProject	PRJNA880599	Profiles of N6-methyladenosine modifications of circular RNAs in oxygen-induced retinopathy	DUPLICATE_DISCOVERY_RECORD_OF_GEO	BioProject record maps to GSE213362 (normalized-title similarity 1.000)	GSE213362
NCBI BioProject	PRJNA862060	Effect of Caspase1 deletion on oxygen-induced retinopathy in C57BL/6 mice	DUPLICATE_DISCOVERY_RECORD_OF_GEO	BioProject record maps to GSE209654 (normalized-title similarity 1.000)	GSE209654
NCBI BioProject	PRJNA823657	Transcriptome analysis of the oxygen induced retinopathy (OIR) model at 5 different timepoints	DUPLICATE_DISCOVERY_RECORD_OF_GEO	BioProject record maps to GSE200195 (normalized-title similarity 1.000)	GSE200195
NCBI BioProject	PRJNA821499	Single-cell Transcriptome Analyses Reveal Unique Microglia Types Associated with Retinal Pathological Angiogenesis	DUPLICATE_DISCOVERY_RECORD_OF_GEO	BioProject record maps to GSE199792 (normalized-title similarity 1.000)	GSE199792
NCBI BioProject	PRJNA799358	Expression profiles of mRNAs in the retinas of OIR wildtype, OIR IL-19 knockout and room air control mice.	DUPLICATE_DISCOVERY_RECORD_OF_GEO	BioProject record maps to GSE194176 (normalized-title similarity 1.000)	GSE194176
NCBI BioProject	PRJNA666571	C57Bl6J retina lysates in oxygen-induced retinopathy	DUPLICATE_DISCOVERY_RECORD_OF_GEO	BioProject record maps to GSE158799 (normalized-title similarity 1.000)	GSE158799
NCBI BioProject	PRJNA641006	A specific RIP3+ subpopulation of microglia promotes retinopathy through a hypoxia-triggered necroptotic mechanism	DUPLICATE_DISCOVERY_RECORD_OF_GEO	BioProject record maps to GSE152928 (normalized-title similarity 1.000)	GSE152928
NCBI BioProject	PRJNA633594	Effects of Aflibercept administration at 25 mg per kg body weight in retinas of mice subjected to the oxygen-induced retinopathy protocol [P50]	DUPLICATE_DISCOVERY_RECORD_OF_GEO	BioProject record maps to GSE150794 (normalized-title similarity 1.000)	GSE150794
NCBI BioProject	PRJNA633178	Single-cell RNAseq of Normoxic and OIR mouse retina by Drop-seq	DUPLICATE_DISCOVERY_RECORD_OF_GEO	BioProject record maps to GSE150703 (normalized-title similarity 1.000)	GSE150703
NCBI BioProject	PRJNA566356	Effects of Aflibercept administration at 25 mg per kg body weight in retinas of mice subjected to the oxygen-induced retinopathy protocol [P19]	DUPLICATE_DISCOVERY_RECORD_OF_GEO	BioProject record maps to GSE137705 (normalized-title similarity 1.000)	GSE137705
NCBI BioProject	PRJNA560255	Progenitor cell combination normalizes retinal vascular development by enhancing pericyte ensheathment in the oxygen-induced retinopathy (OIR) model	DUPLICATE_DISCOVERY_RECORD_OF_GEO	BioProject record maps to GSE135844 (normalized-title similarity 1.000)	GSE135844
NCBI BioProject	PRJNA548871	Temporo-spatial distribution and transcriptional profile of retinal microglia in the oxygen-induced retinopathy mouse model	DUPLICATE_DISCOVERY_RECORD_OF_GEO	BioProject record maps to GSE132731 (normalized-title similarity 1.000)	GSE132731
NCBI BioProject	PRJNA539988	Murine model of oxygen-induced retinopathy - 3 time points [retina]	DUPLICATE_DISCOVERY_RECORD_OF_GEO	BioProject record maps to GSE130400 (normalized-title similarity 1.000)	GSE130400
NCBI BioProject	PRJNA537864	Murine model of oxygen-induced retinopathy - 3 time points [blood]	DUPLICATE_DISCOVERY_RECORD_OF_GEO	BioProject record maps to GSE130347 (normalized-title similarity 1.000)	GSE130347
NCBI BioProject	PRJNA514455	Effects of Aflibercept administration at 25 mg per kg body weight in retinas of mice subjected to the oxygen-induced retinopathy protocol	DUPLICATE_DISCOVERY_RECORD_OF_GEO	BioProject record maps to GSE124956 (normalized-title similarity 1.000)	GSE124956
NCBI BioProject	PRJNA483866	Oxygen-Induced Retinopathy RNA-Seq	EXCLUDE_DUPLICATE_COHORT	Same 2013 P17 OIR time-series cohort as PRJNA1347474; older library preparation not counted separately	PRJNA1347474
NCBI BioProject	PRJNA476577	Expression profiling of microRNAs in oxygen-induced retinal neovascularization in mice	DUPLICATE_DISCOVERY_RECORD_OF_GEO	BioProject record maps to GSE115949 (normalized-title similarity 1.000)	GSE115949
NCBI BioProject	PRJNA328782	Expressing profiles of small non-coding RNA in mouse models of oxygen-induced retinopathy (OIR)	EXCLUDE	no public SRA experiment records permitting a recoverable P17 Adora2a contrast	
NCBI BioProject	PRJNA299209	Comparative Systems Pharmacology of HIF Stabilization in the Prevention of Retinopathy of Prematurity	EXCLUDE	HIF-stabilizer/PBS pharmacology study; not an OIR-versus-normoxia contrast	
NCBI BioProject	PRJNA168565	Gene Expression Profiling In Murine Retina Neovascularization Models	EXCLUDE	no public SRA experiment records permitting a recoverable P17 Adora2a contrast	
NCBI BioProject	PRJNA122025	Gene Expression Profile of Hyperoxic/hypoxic Retinas in Mouse Model of Oxygen-induced Retinopathy	EXCLUDE	no public SRA experiment records permitting a recoverable P17 Adora2a contrast	
