analysis_set	k	included_accessions	pooled_hedges_g	standard_error	residual_df	p	ci95_low	ci95_high	tau2	I2	prediction_interval_low	prediction_interval_high	positive_studies	omitted_accession
FINAL_PRIMARY_LOO	15	GSE124956;GSE130400;GSE132731;GSE135844;GSE158799;GSE194176;GSE216676;GSE230668;GSE234447;GSE241239;GSE289223;GSE301407;GSE315511;PRJNA1227125;PRJNA1347474	1.14602609225776	0.343340258580369	14	0.00488031357284895	0.409634476228329	1.88241770828719	0.976236667578427	61.3624548920042	-1.09742406480546	3.38947624932099	13	GSE123945
FINAL_PRIMARY_LOO	15	GSE123945;GSE130400;GSE132731;GSE135844;GSE158799;GSE194176;GSE216676;GSE230668;GSE234447;GSE241239;GSE289223;GSE301407;GSE315511;PRJNA1227125;PRJNA1347474	1.19028027943301	0.336205977755286	14	0.00326299206972503	0.469190173945087	1.91137038492094	0.920096354410491	60.2546746772827	-0.989746170601389	3.37030672946742	13	GSE124956
FINAL_PRIMARY_LOO	15	GSE123945;GSE124956;GSE132731;GSE135844;GSE158799;GSE194176;GSE216676;GSE230668;GSE234447;GSE241239;GSE289223;GSE301407;GSE315511;PRJNA1227125;PRJNA1347474	1.18124385170849	0.345811247492685	14	0.00417893095018641	0.439552491553926	1.92293521186305	0.996564440915551	58.2591437046246	-1.08468025578385	3.44716795920083	13	GSE130400
FINAL_PRIMARY_LOO	15	GSE123945;GSE124956;GSE130400;GSE135844;GSE158799;GSE194176;GSE216676;GSE230668;GSE234447;GSE241239;GSE289223;GSE301407;GSE315511;PRJNA1227125;PRJNA1347474	1.2333273957841	0.330860420709709	14	0.00225077706623627	0.523702369887028	1.94295242168117	0.816704833710581	54.8741626613416	-0.830770397019676	3.29742518858787	14	GSE132731
FINAL_PRIMARY_LOO	15	GSE123945;GSE124956;GSE130400;GSE132731;GSE158799;GSE194176;GSE216676;GSE230668;GSE234447;GSE241239;GSE289223;GSE301407;GSE315511;PRJNA1227125;PRJNA1347474	1.20394341394847	0.33208632740117	14	0.00275609634442371	0.491689079698924	1.91619774819801	0.884461324551509	59.2924575369223	-0.935197900767899	3.34308472866483	13	GSE135844
FINAL_PRIMARY_LOO	15	GSE123945;GSE124956;GSE130400;GSE132731;GSE135844;GSE194176;GSE216676;GSE230668;GSE234447;GSE241239;GSE289223;GSE301407;GSE315511;PRJNA1227125;PRJNA1347474	1.02890079713784	0.317520604626005	14	0.00592452016149938	0.347886831196373	1.70991476307931	0.758878548909425	56.4186377405001	-0.959743156759097	3.01754475103478	13	GSE158799
FINAL_PRIMARY_LOO	15	GSE123945;GSE124956;GSE130400;GSE132731;GSE135844;GSE158799;GSE216676;GSE230668;GSE234447;GSE241239;GSE289223;GSE301407;GSE315511;PRJNA1227125;PRJNA1347474	1.17767296707425	0.338822714555462	14	0.00370956084520477	0.45097051933152	1.90437541481698	0.942087523767985	60.8464207072077	-1.02727660759921	3.38262254174771	13	GSE194176
FINAL_PRIMARY_LOO	15	GSE123945;GSE124956;GSE130400;GSE132731;GSE135844;GSE158799;GSE194176;GSE230668;GSE234447;GSE241239;GSE289223;GSE301407;GSE315511;PRJNA1227125;PRJNA1347474	1.18701718404629	0.334959410827093	14	0.00324081447277537	0.468600698711555	1.90543366938103	0.91350758706547	60.3867189101482	-0.985160887586761	3.35919525567935	13	GSE216676
FINAL_PRIMARY_LOO	15	GSE123945;GSE124956;GSE130400;GSE132731;GSE135844;GSE158799;GSE194176;GSE216676;GSE234447;GSE241239;GSE289223;GSE301407;GSE315511;PRJNA1227125;PRJNA1347474	1.1638791766026	0.337970910564644	14	0.00395366389366792	0.43900366672009	1.8887546864851	0.934410817965163	61.1646766932424	-1.03244434088757	3.36020269409276	13	GSE230668
FINAL_PRIMARY_LOO	15	GSE123945;GSE124956;GSE130400;GSE132731;GSE135844;GSE158799;GSE194176;GSE216676;GSE230668;GSE241239;GSE289223;GSE301407;GSE315511;PRJNA1227125;PRJNA1347474	0.886531892575375	0.273583956356156	14	0.00592433133629623	0.299752664954806	1.47331112019594	0.347585999109011	36.6877151763456	-0.507470858611122	2.28053464376187	13	GSE234447
FINAL_PRIMARY_LOO	15	GSE123945;GSE124956;GSE130400;GSE132731;GSE135844;GSE158799;GSE194176;GSE216676;GSE230668;GSE234447;GSE289223;GSE301407;GSE315511;PRJNA1227125;PRJNA1347474	0.992675486338084	0.318936695645138	14	0.00764101420232788	0.308624307229899	1.67672666544627	0.685332928174662	52.9446067681931	-0.910094291764961	2.89544526444113	13	GSE241239
FINAL_PRIMARY_LOO	15	GSE123945;GSE124956;GSE130400;GSE132731;GSE135844;GSE158799;GSE194176;GSE216676;GSE230668;GSE234447;GSE241239;GSE301407;GSE315511;PRJNA1227125;PRJNA1347474	1.02070261930862	0.312327199186826	14	0.00560760702976395	0.350827400218057	1.69057783839917	0.733670658259573	55.6589542238634	-0.934725337547449	2.97613057616468	13	GSE289223
FINAL_PRIMARY_LOO	15	GSE123945;GSE124956;GSE130400;GSE132731;GSE135844;GSE158799;GSE194176;GSE216676;GSE230668;GSE234447;GSE241239;GSE289223;GSE315511;PRJNA1227125;PRJNA1347474	1.08615626179379	0.336851577662288	14	0.00611595275580431	0.363681482219604	1.80863104136798	0.9002796682875	60.1863686436696	-1.07332405879067	3.24563658237825	13	GSE301407
FINAL_PRIMARY_LOO	15	GSE123945;GSE124956;GSE130400;GSE132731;GSE135844;GSE158799;GSE194176;GSE216676;GSE230668;GSE234447;GSE241239;GSE289223;GSE301407;PRJNA1227125;PRJNA1347474	1.22727075455983	0.325299362604742	14	0.00205872390327905	0.52957301205703	1.92496849706262	0.805909773632713	56.5238173383815	-0.820668623849688	3.27521013296934	14	GSE315511
FINAL_PRIMARY_LOO	15	GSE123945;GSE124956;GSE130400;GSE132731;GSE135844;GSE158799;GSE194176;GSE216676;GSE230668;GSE234447;GSE241239;GSE289223;GSE301407;GSE315511;PRJNA1347474	1.08207015001956	0.336038382665039	14	0.00616918370799799	0.361339500250154	1.80280079978896	0.892426073202089	60.0001946878244	-1.06844390866428	3.2325842087034	13	PRJNA1227125
FINAL_PRIMARY_LOO	15	GSE123945;GSE124956;GSE130400;GSE132731;GSE135844;GSE158799;GSE194176;GSE216676;GSE230668;GSE234447;GSE241239;GSE289223;GSE301407;GSE315511;PRJNA1227125	1.14295554976681	0.339605503621683	14	0.00461893603435245	0.4145741864554	1.87133691307822	0.940727358054485	61.3871752768899	-1.06112899441533	3.34704009394895	13	PRJNA1347474
